{"MotoPosition":"258.33316, 384","MotoSpeed":500.0,"CarPositions":["314.32074, 322.0009"],"CarSpeeds":[900.0],"CarMoveDirections":[0.0],"CarSpeedMultiplier":1.0,"TimeSinceLastCar":0.4833344,"CarSpawnInterval":2.0,"CarSpeed":900.0,"Score":27,"Distance":20.483196,"HighScores":[33,27,24,18,12,9,9,9,6,6]}