{"MotoPosition":"392, 380","CarPositions":["261.18143, 442","154.27475, 200","246.8168, -40"],"CarSpeeds":[2.0,2.0,2.0],"CarMoveDirections":[-1.0,-1.0,-1.0],"CarSpeedMultiplier":1.0,"Score":56,"Distance":56.79983}